name,phone,website,rating,reviews_count,address,maps_url,place_id,top_review,found_via,likely_noise
Orient Exchange and Financial Services Private Ltd,080 4600 3700,https://www.orientexchange.in/forex-exchange-bangalore,4.9,10123,"70, Kanakapura Main Rd, near Vasavi Temple Street, Basavanagudi, Bengaluru, Karnataka 560004, India",https://maps.google.com/?cid=11454144090316392409,ChIJm6QZSewVrjsR2cdyDV1L9Z4,I am very satisfied with the foreign exchange service. The rates offered were very good and competitive. The receiving process was smooth and handled very politely. The documentation process was simpl,cryptocurrency exchange Kanpur,
Orient Exchange & Financial Services (P) Ltd,080 4600 3700,https://www.orientexchange.in/currency-exchange-in-kolkata,4.9,9254,"Ground Floor, Post Office, 8/1A, next to Little Russel Street, Kankaria Estates, Park Street area, Kolkata, West Bengal 700071, India",https://maps.google.com/?cid=16987564507134619430,ChIJ311-Vg93AjoRJu_KTurzv-s,Best rate at kolkata. We buy Philippines Peso at best possible rate. True professional & very smooth service. Within few minutes our exchange completed. Thank you orient exchange kolkata.,crypto cash Kolkata,
BookMyForex,092122 19191,https://www.bookmyforex.com/currency-exchange/gurgaon/,4.6,6973,"Unit : P701- P705, 7th Floor, Tower-C, JMD MEGAPOLIS, Badshahpur Sohna Rd, Sector 48, Gurugram, Haryana 122018, India",https://maps.google.com/?cid=8594873539980445831,ChIJD35P6poiDTkRh0jwb_IfR3c,"I had an urgent situation where I needed to travel from Delhi to Lucknow at the last minute, but my ordered forex card was scheduled for delivery in Delhi. Instead of asking me to cancel and re-order—",buy bitcoin Chennai,
NR FOREX SERVICES PVT.LTD (WESTERN UNION - MONEYGRAM),098250 81077,https://nrforexservices.wixsite.com/money,5,4996,"FF-101, Dwarkesh Complex, RC Dutt Rd, beside WELCOME HOTEL, Alkapuri, Vadodara, Gujarat 390007, India",https://maps.google.com/?cid=6824891921281903607,ChIJuxH9AZfJXzkR9-tw5grjtl4,"Quick, reliable, courteous, knowledgeable and totally wonderful… made by currency exchange process very smooth… 10/10 Recommended!!!",cryptocurrency exchange Vadodara,YES
Orient Exchange & Financial Services (P) Ltd,080 4600 3700,https://www.orientexchange.in/currency-exchange-in-vadodara,4.9,3897,"1st Floor, 7, Sky Arise, Amravati Society, Gotri Rd, beside ICICI Bank, near Yash Complex, Metro Society, Sundaram Nagar, Gotri, Vadodara, Gujarat 390007, India",https://maps.google.com/?cid=1008995319243780878,ChIJLUCmZb3IXzkRDrOOn-WrAA4,"Absolutely fantastic experience with Orient Exchange!
I needed to exchange currency for an upcoming international trip and walked into the branch feeling a bit unsure about rates and process. From the",cryptocurrency exchange Vadodara,
Orient Exchange & Financial Services (P) Ltd,080 4600 3700,https://www.orientexchange.in/currency-exchange-in-kochi,4.9,3430,"Ravi Puram, M G Road Building No. 61/2850, Ground Floor, Raj Soudh, Ravipuram, Perumanoor, Kochi, Kerala 682016, India",https://maps.google.com/?cid=1211964176690485331,ChIJF4RVgrlyCDsRU5giWP_C0RA,"I had a great experience with the staff at Oriental Exchange. Everyone was very polite, calm, and extremely helpful. A special mention to Arul and Sriraj , abhin for their professionalism and support,",cryptocurrency exchange Kochi,
Orient Exchange & Financial Services (P) Ltd,080 4600 3700,https://www.orientexchange.in/forex-exchange-in-chandigarh,5,2055,"Suite No.103, SCO 169, 170,1st floor, Sector 8C, Sector 8, Chandigarh, 160009, India",https://maps.google.com/?cid=12813615364414547595,ChIJrXW7JxHtDzkRi6Zq1Egb07E,"Very good and awesome experience…
Getting very low exchange price.
Taking very less time for execution.
Harinder sir is very polite and humble.
I highly recommend to visit orient exchange.",cryptocurrency exchange Chandigarh,
Orient Exchange & Financial Sevices Pvt Ltd,080 4600 3700,https://www.orientexchange.in/currency-exchange-in-coimbatore,4.9,1689,"Thiagaraja Towers, No.1061 1st Floor -A, Mettupalayam Rd, Vadakovai, R.S. Puram, Coimbatore, Tamil Nadu 641002, India",https://maps.google.com/?cid=8409026014058488590,ChIJ89TiqtVZqDsRDqP5WpvcsnQ,"very good experience with Unimoni for visa-related services. The process was handled professionally and smoothly. Staff  Riyas was very supportive, explained the requirements clearly, and guided me at",cryptocurrency exchange Coimbatore,
AMETHYST FOREX PRIVATE LIMITED,080156 69767,https://amethystforex.com/,5,1331,"G-170, Ground Floor Phase 3, 769, Anna Salai, Mount Road, Spencer Plaza Mall, mall, Anna Salai, Chennai, Tamil Nadu 600002, India",https://maps.google.com/?cid=4028676419359772796,ChIJe-MuNQ1nUjoRfJDuytu76Dc,"Excellent Money Exchange! I had a really good experience exchanging INR to SAR here. The staff were polite, quick, and explained everything clearly, including the small GST charge upfront. The entire ",cryptocurrency exchange Chennai,YES
RemitX - A division of Capital India Finance Ltd,090491 78677,http://www.remitx.com/,4.9,1271,"802-803, B WING, LOKMAT BHAWAN, Lokmat Square, Ramdaspeth, Nagpur, Maharashtra 440010, India",https://maps.google.com/?cid=15116302411476105432,ChIJ3Xn_b8LB1DsR2PhpIfTkx9E,"Had a great experience with Remetix Agency. Fast service, fair exchange rates, and helpful staff. The process was straightforward and hassle-free. Would definitely recommend for currency exchange.",crypto cash Nagpur,
"Unimoni Financial Services Ltd, Lucknow",075940 02506,https://lucknow.unimoni.in/?utm_source=Google_GMB&utm_medium=GMB_Microsite&utm_campaign=Organic,4.9,1229,"Ground Flr, Laxmi Plaza, 44-A, nr. Sanchita Womens Clinic, Udaiganj, Husainganj, Lucknow, Uttar Pradesh 226001, India",https://maps.google.com/?cid=7378579637086658575,ChIJycstrq79mzkRDyB7Jxb7ZWY,"Best place of passport apply and also flight ticket,visa stamping other services thanks staff Amit Yadav ji is very humble and clear knowledge of tour and travel department I think he is specialised i",buy bitcoin Lucknow,
Value Plus Money Changer Pvt Ltd.,099241 26781,,5,1174,"315, Sunrise Mall, Vastrapur, Ahmedabad, Gujarat 380015, India",https://maps.google.com/?cid=13492614254274933734,ChIJ50UqDcqEXjkR5vNtZS1lP7s,"Value Plus Money Changer PVT LTD! They are so professional, excellent service, and great currency rates are truly commendable. It's wonderful to know you had a seamless currency exchange for buying  t",cryptocurrency exchange Ahmedabad,
Orient Exchange & Financial Services Private Ltd,080 4600 3700,https://www.orientexchange.in/foreign-currency-exchange-in-surat,4.9,1039,"Opp Lal Bungalow, Parle Point, Shop UL 43 & 44, Pooja Abhishek, opp. SPB College, Athwalines, Athwa, Surat, Gujarat 395007, India",https://maps.google.com/?cid=2042157412914122393,ChIJfYKut05N4DsRmU4t5FgzVxw,"⭐⭐⭐⭐⭐

Got a very warm welcome by Bhavesh Isai.
Outstanding customer service! He was friendly, patient, and very helpful. He quickly understood my issue and resolved it smoothly. Really appreciated th",cryptocurrency exchange Surat,
Orient Exchange and Financial Services Private Ltd,080 4600 3700,https://www.orientexchange.in/foreign-currency-exchange-in-gurgaon,4.9,977,"Plaza level, MGF Metropolis Mall, Shop No. LG-67, Gr. Floor, Mehrauli-Gurgaon Rd, Sector 28, Maruti Housing Colony, Gurugram, Haryana 122009, India",https://maps.google.com/?cid=13230232952781917576,ChIJtcZSxg8ZDTkRiM07FsY6m7c,"Best rates in Gurgaon must recommend.
Mr. Vishnu sharma & Mr. Abhishek Mishra are very friendly and assist you nicely. If you want good rates for your currency exchange must try Orient Exchange MGF me",crypto cash Gurgaon,
"Unimoni Financial Services Ltd, Thane, Mumbai",075940 02616,https://thane-mumbai.unimoni.in/?utm_source=Google_GMB&utm_medium=GMB_Microsite&utm_campaign=Organic,4.9,959,"No 8, Abhiman - II, Lal Bahadur Shastri Marg, opp. Forest Office, Deep Jyoti Society, Bhakti Mandir, Panch Pakhdi, Thane West, Thane, Maharashtra 400602, India",https://maps.google.com/?cid=8530140770134806271,ChIJVwv_kx655zsR_07299UlYXY,"Our trip was a dream come true, thanks to the exceptional planning by agency was incredibly responsive, flexible, handling all our request with professionalism and a great attitude. We highly recommen",buy bitcoin Thane,
Multimoney Forex Ltd. Ludhiana - Best Currency Exchange in Ludhiana| Top Money Changer| Best Currency Rates in Ludhiana,098888 49533,https://www.multimoney.co.in/currency-exchange-in-ludhiana,5,915,"2nd Floor, Sco 31, Feroze Gandhi Market Rd, Bhai Wala Chowk, Feroz Gandhi Market, Jila Kacheri Area, Model Gram, Ludhiana, Punjab 141001, India",https://maps.google.com/?cid=16940375864668975620,ChIJYcn_W9qDGjkRBPIxTxhOGOs,"⭐️⭐️⭐️⭐️⭐️ Customer Review

""I had an excellent experience with MultiMoney Forex in Ludhiana. Sunil ji provided me with the best exchange rate in the market and ensured the process was quick, smooth, ",buy bitcoin Ludhiana,YES
"Unimoni Financial Services Ltd, Bhubaneswar",075940 02081,https://bhubaneswar.unimoni.in/?utm_source=Google_GMB&utm_medium=GMB_Microsite&utm_campaign=Organic,4.9,894,"No. 168B, 1st Floor, Prasanti Building, Sishu Bhawan Rd, nr. Karur Vysya Bank, Bapuji Nagar, Bhubaneswar, Odisha 751009, India",https://maps.google.com/?cid=4122705986335967163,ChIJma73UU-nGToRu4fuZEDLNjk,I got best deal for money exchange. And store experience also good. Thanks to anubhav for his help.,cryptocurrency exchange Bhubaneswar,
Sapphire Forex Pvt. Ltd- Forex Money Exchange Services|Buy Foreign Exchange|Travel/Forex Card | Reload Forex card in gurgaon,098117 37583,https://sapphireforex.com/services/currency-exchange-gurgaon/,5,729,"Shop No 140, 1st Floor, The Sapphire Sector-49, Sohna Road, Orchid Petals, Block S, Uppal Southend, Sector 49, Gurugram, Haryana 122018, India",https://maps.google.com/?cid=16946875437849255765,ChIJTdQ-fI8iDTkRVR_MHWxlL-s,Great experience with the team - both Pradeep and Ramkesh were brilliant and very prompt. The rates are also better than other agencies and were very flexible with the denominations I wanted. Highly r,cryptocurrency exchange Gurgaon,YES
"Unimoni Financial Services Ltd, Ludhiana",075940 02509,https://ludhiana.unimoni.in/?utm_source=Google_GMB&utm_medium=GMB_Microsite&utm_campaign=Organic,4.9,649,"Ground Floor, SCO 136, Feroz Gandhi Market, Jila Kacheri Area, Model Gram, Ludhiana, Punjab 141001, India",https://maps.google.com/?cid=14410605330447390466,ChIJH2-UurmDGjkRAteqhzLB_Mc,"The staff is really kind and helpful. They're really great at their job. They made my work really smooth and offered their help for everything I needed be it money exchange, forex card, insurance and ",buy bitcoin Ludhiana,
"Unimoni Financial Services Ltd, Varanasi",075940 03088,https://varanasi.unimoni.in/?utm_source=Google_GMB&utm_medium=GMB_Microsite&utm_campaign=Organic,4.8,632,"1st Floor, Khatri Card Pratham, Sigra Chauraha Rd, opp. Handloom House, Chhittupura, Sigra, Varanasi, Uttar Pradesh 221002, India",https://maps.google.com/?cid=15242742039992138562,ChIJa6thgvItjjkRQvukOCAZidM,"Unimoni gave me the best deal on currency exchange in Varanasi. The staff were very friendly and supportive, explained everything clearly, and made the process smooth. Highly recommended for anyone lo",buy bitcoin Varanasi,
"Unimoni Financial Services Ltd, Patna",075940 02764,https://patna.unimoni.in/?utm_source=Google_GMB&utm_medium=GMB_Microsite&utm_campaign=Organic,4.9,524,"Ground Floor, No. G1, Exhibition Rd, Ali Nagar Colony, Salimpur Ahra, Golambar, Patna, Bihar 800001, India",https://maps.google.com/?cid=10244827091140594417,ChIJxSeSSBpZ7TkR8cq7wPXvLI4,Thanks for best visa services and card services . It's my first service with unimoni patna branch with help khushbu kumari singh doing well and help to us .all staff very good .,cryptocurrency exchange Patna,
Patna Forex and Travel Service Pvt Ltd,075438 94310,https://patnaforex.com/,4.8,467,"Shop No. 4 & 5, Exhibition Rd, South Gandhi Maidan, Raja Ji Salai, Lodipur, Patna, Bihar 800001, India",https://maps.google.com/?cid=11054818784565999651,ChIJRzyKV89Z7TkRIzhfFh2bapk,"This company deals in finance services, Western Union, and travel-related services. They offer competitive pricing with reliable and prompt service. The staff is professional, cooperative, and provide",cryptocurrency exchange Patna,YES
Shree Mohan money exchanger and consultants pvt. Ltd.- Foreign Exchange - Western Union Money Gram –Money Transfer,098241 06689,,5,439,"shop no 2, Aabhushan flats, Opp Shashtriagar BRTS, Bus stop, Hari park society, Naranpura, Ahmedabad, Gujarat 380013, India",https://maps.google.com/?cid=3430088076721178102,ChIJTcZ_R7OFXjkR9sVEse4emi8,"Fantastic service! The currency exchange was quick, friendly, and professional. The rates were better than other places I checked, and the staff answered all my questions. The process was smooth and t",cryptocurrency exchange Ahmedabad,YES
VOICE FOREX PVT LTD,092272 49291,http://www.voiceforex.com/,4.9,437,"FF-1, SHOP/SAROVER LAND MARK, GORDHANWADI CHAR RASTA, Ruksmani Park Society, Kankaria, Maninagar, Ahmedabad, Gujarat 380022, India",https://maps.google.com/?cid=7617289452758584309,ChIJ5zvVx8aFXjkR9UsBL2YMtmk,Third class answer system and owner is very rudely behaviour so pathetic way he talk and he see don't go there shop then he will be realised how to talk with customer.,cryptocurrency exchange Ahmedabad,YES
𝗫𝗘 𝗙𝗢𝗥𝗘𝗫 𝗕𝗨𝗥𝗘𝗔𝗨 𝗜𝗡𝗗𝗜𝗔 𝗣𝗩𝗧. 𝗟𝗧𝗗.,098260 40007,http://www.xeforex.in/,5,435,"E-3/45 C-4, TEN CROSS ROAD, E-3, Arera Colony, Bhopal, Madhya Pradesh 462016, India",https://maps.google.com/?cid=16269430771515225529,ChIJl-Jfa6lDfDkRuXX5aRahyOE,"I am truely impressed by the services of XE forex. The staff is very professional and friendly. They also provide competitive rates when it comes to forex. I highly recommend XE forex, for anyone who ",cryptocurrency exchange Bhopal,
Polo Forex Pvt. Ltd. - Currency Exchange.,098259 76263,https://poloforex.com/,4.9,418,"Sun Plaza Complex, Swastik Cross Road, Commerce College Rd, Swastik Society, Navrangpura, Ahmedabad, Gujarat 380009, India",https://maps.google.com/?cid=14421827614025442583,ChIJe5T5QPOEXjkRF-XnCc6fJMg,"good service. Staffs attitude was really nice and they were super helpful. Help to complete my work fast without wasting time...
And best rate for currency exchange..😊",cryptocurrency exchange Ahmedabad,YES
EBIXCASH World Money Limited | Bhopal,097707 67777,http://www.buyforex.com/,4.9,415,"V N V Plaza, Bank Street, Plot No 6, Service Rd, Anna Nagar, Zone-II, Maharana Pratap Nagar, Bhopal, Madhya Pradesh 462011, India",https://maps.google.com/?cid=10761679640240296970,ChIJaXa7bV1CfDkRCpQTb50qWZU,"I have had an excellent experience with the Ebix Forex Globetrotter Card. Have been using it for over 3 years now. Their service was prompt, professional, and incredibly efficient. From card issuance ",cryptocurrency exchange Bhopal,
SVDR Forex,096506 14471,https://svdr-forex.grexa.site/,4.8,407,"Vyapar Kendra Market, UGF-179A, Block C2, Sushant Lok Phase I, Sector 43, Gurugram, Haryana 122002, India",https://maps.google.com/?cid=8952808308602941373,ChIJ0cQyeRcZDTkRva9xALnDPnw,"Very near svdr forex ,I am very satisfied svdr forex services.better rate any other exchanges.",cryptocurrency exchange Delhi,YES
GVR Forex PVT LTD,099637 45645,,4.9,407,"47-11-29, Diamond Park Rd, Dondaparthy, Dwaraka Nagar, Visakhapatnam, Andhra Pradesh 530016, India",https://maps.google.com/?cid=7469336191056784946,ChIJeciNroFDOToRMq7oB7FpqGc,"There were no issues with currency exchange, but their behaviour with customers could be better (they were arrogant, and lack of proper response)",cryptocurrency exchange Visakhapatnam,YES
Jadwani Forex Pvt.Ltd NGP,082692 61700,http://jadwaniforex.com/,5,385,"Shop no 49, Jhansi Rani sqaure, Sanskrutik Sankul Complex, Sitabuldi, Nagpur, Maharashtra 440012, India",https://maps.google.com/?cid=15494826518731980308,ChIJA8_pp23B1DsRFH5SqZ-uCNc,Currency exchange process is very smooth and simple here. It took me less than 10 mins to get the exchange done. Staff is also very friendly and supportive.,bitcoin seller Nagpur,YES
MPACT FOREX PVT LTD - Ahmedabad - Foreign Currency Exchange,097259 78199,https://mpactforex.com/,4.9,379,"Shop-A/F-04, Vishva Residency, Gurukul Rd, nr. Visharam Nagar, Tarun Nagar Part 1, Memnagar, Ahmedabad, Gujarat 380052, India",https://maps.google.com/?cid=18074813449334193267,ChIJ763enu-FXjkRc3wEVRGj1vo,"I had a great experience with Mpact Forex Private Limited for currency exchange services. The process was smooth, transparent, and very professional, with competitive rates and no hidden charges. The ",cryptocurrency exchange Ahmedabad,YES
Forex World- Money Exchange Services,095825 05050,http://forex-world.in/,4.8,376,"Shop no. 29, 2nd, Baani Square, Pocket C, Mayfield Garden, Sector 50, Gurugram, Haryana 122018, India",https://maps.google.com/?cid=11761416064234342479,ChIJmaB2sp0ZDTkRT8hChJjxOKM,Never go to this forex exchange. They promise something and when you reach them they change price. Also if you want to sale currency Devinder quote price which is 20% less than other forex.. save your,cryptocurrency exchange Gurgaon,YES
Value Plus Money Changer Pvt Ltd.(Ghatlodia),084600 38380,,5,369,"C-20, shayona city shopping centre, Maharana Pratap Rd, Ghatlodiya, Chanakyapuri, Ahmedabad, Gujarat 380061, India",https://maps.google.com/?cid=1630560893753813955,ChIJoW9LXEyDXjkRw-vWaH7qoBY,We got good service and instant money exchanged,cryptocurrency exchange Ahmedabad,
Forex Expert Money Exchange Services,076786 73008,http://forexexperts.in/,5,342,"C-160, C Block, Pocket I, Mayfield Garden, Sector 47, Gurugram, Haryana 122018, India",https://maps.google.com/?cid=7568543544194267957,ChIJqUbupgQjDTkRNXvG6kDeCGk,The response from the owner was very polite .Service was prompt . Highly recommend them for forex exchange. No complaints at all.,cryptocurrency exchange Gurgaon,YES
"KIWI FOREX Pvt. Ltd.- Western Union, Currency Exchange, Money Transfer, CANADA/UK/USA/AUSTRALIA/EUR FEES Transfer - Ahmedabad",072269 25050,http://www.kiwiforex.in/,4.9,337,"SHANTI MALL, FF4, opp. Navrang Tower, above HDFC BANK, Visharam Nagar, Ghatlodiya, Memnagar, Ahmedabad, Gujarat 380061, India",https://maps.google.com/?cid=9384457572227739000,ChIJG6tCcBaDXjkReO1b4nBKPII,We are so pleased to have chosen the prompt and professional service provided by your company.  Highly recommended,cryptocurrency exchange Ahmedabad,YES
Adhrit Forex private limited,099111 22556,http://www.adhritforex.in/,4.9,313,"jaipuriya sunrise plaza E-BLOCK, SE 146, behind Jaipuria Mall, Ahinsa Khand 1, Indirapuram, Ghaziabad, Uttar Pradesh 201014, India",https://maps.google.com/?cid=17645575697437873076,ChIJQcD4HHb7DDkRtNMMR5ut4fQ,Vikas was extremely helpful and efficient. He helped me get the currency quickly and made the entire process smooth and hassle-free. Really appreciate his support and responsiveness. Highly recommend!,cryptocurrency exchange Ghaziabad,YES
GlobalPay by WSFx,077188 74732,https://www.wsfxglobalpay.com/currency-exchange/vadodara,4.9,294,"105, Dwarkesh Complex, RC Dutt Rd, Vadiwadi, Vadodara, Gujarat 390007, India",https://maps.google.com/?cid=4042833780426510655,ChIJHWvzelnJXzkRP5FFSOcHGzg,"First time forex experience, more than 100% satisfaction, transperent and prompt services, true to commitments, user friendly WSFx App, the transaction turn around time is exceptionally minimal and fa",cryptocurrency exchange Vadodara,
Forexorr - The Smart Exchange (A Unit of Excelorr Service Private Limited),076700 11105,,4.9,284,"Mainaak Tower, 7A1, GS Rd, Christian Basti, Guwahati, Assam 781005, India",https://maps.google.com/?cid=13995247350143777753,ChIJJfp7OjBZWjcR2fsLoVAbOcI,"Excellent service! I initially contacted them through WhatsApp and received a super fast response. The staff was very professional and helpful throughout the process.
I exchanged INR to Thai Baht and ",cryptocurrency exchange Guwahati,
Namaha Forex - Money exchange And Currency exchange,096259 26822,https://namaha-forex.grexa.site/,5,273,"UGF.180 vyapar kendra market Sushant lok 1 sector 43, Vyapar Kendra Rd, Block C, Sushant Lok Phase I, market, Gurugram, Haryana 122009, India",https://maps.google.com/?cid=7539357773296885080,ChIJ-zXhKGkZDTkRWN3wF_MtoWg,FAST SERVICE WITH GOOD RATE,buy bitcoin Gurgaon,YES
Chirayu Forex Pvt Ltd,070215 96061,,4.8,262,"502 , 5 th floor A wing ,Glacia Tower, Court Naka, Agyari Ln, near Jain Temple, Dhobi Ali, Charai, Thane West, Thane, Maharashtra 400601, India",https://maps.google.com/?cid=11901716577958959752,ChIJ4fhVFV-55zsRiBqfbitkK6U,It is always a pleasure to transact with Vishal for Forex. He ensure on best prices and timely delivery. He builds a bond of trust with his clients. Highly recommended !!,buy bitcoin Thane,YES
Naranjan Money Exchangers Pvt. ltd.,088603 72770,,4.9,255,"Faridabad Sector 16 Huda Market SCO 35 Shop No 03 sec 16, Near Total Nutrition, HUDA Staff Colony, Sector 16, Faridabad, Haryana 121002, India",https://maps.google.com/?cid=10577647098953348203,ChIJXarmg8bdDDkRazSOZP5Zy5I,"Very nice experience with Naranjan money exchanges pvt Ltd I hv change 1st time currency from here I hv got very cheap rate
Over here so recommended to change your currency from Naranjan money exchang",cryptocurrency exchange Faridabad,YES
Real Forex ! Currency Exchange ! Money Exchange,093104 36887,,5,247,"Shop No 15 F, Krishna apar Plaza, near Shipra mall, Vaibhav Khand, Indirapuram, Ghaziabad, Uttar Pradesh 201014, India",https://maps.google.com/?cid=4292305919793637838,ChIJvb26mCvlDDkRzimbEH5VkTs,Arrived past closing time yet was still provided service. Excellent rates as well. 5 stars truly deserved! Thanks,cryptocurrency exchange Ghaziabad,YES
GlobalPay by WSFx,089769 84619,https://www.wsfxglobalpay.com/currency-exchange/coimbatore,4.9,246,"1st floor, Esteem Complex, 702, Avinashi Rd, Race Course, Puliakulam, Coimbatore, Tamil Nadu 641018, India",https://maps.google.com/?cid=7261758763918014451,ChIJ1WAW3ONZqDsR87fpDx_zxmQ,Suresh handed over forex card and cash. He made the experience very smooth calling me in morning and reached my location on time with smiling face. Good service,cryptocurrency exchange Coimbatore,
COCHIN FOREX (P) LTD - WESTERN UNION,098477 05876,http://www.cochinforex.com/index.html,4.9,234,"2nd Floor, Peppermint Sadan, Mahatma Gandhi Rd, near Samsung Showroom, opposite South Indian Bank, Ravipuram, Perumanoor, Kochi, Kerala 682016, India",https://maps.google.com/?cid=14182269841074595962,ChIJ83muirlyCDsReqj8kUeL0cQ,"Jayachandran was very courteous and after having checked with a few popular exchanges, i got a better rate and a very remarkable service. Thnk you for the same. 🙏🏻🙏🏻🙏🏻",cryptocurrency exchange Kochi,YES
Onspot Currency Exchange -Western Union Ahmedabad,087804 44705,https://onspotforex.com/,4.9,219,"Titanium City Centre Mall, First floor, 122, near Seema Hall, Satellite, Ahmedabad, Gujarat 380015, India",https://maps.google.com/?cid=6812827917190600683,ChIJAcjmcSqFXjkR65cCEOUGjF4,"Very good service at Money Exchange. The rates are better compared to the market. The staff is polite and the process is quick and smooth. Overall, a very good experience.",cryptocurrency exchange Ahmedabad,YES
AKSHAY PATEL MONEY CHANGER - Foreign Currency Exchange - AHMEDABAD,090670 73476,,4.8,203,"1558, MOTIKHATRIWAD OPP:- SWAMINARAYAN TOWER, Saraspur, Ahmedabad, Gujarat 380018, India",https://maps.google.com/?cid=12705269710330881629,ChIJX-PoVQqFXjkRXWbNc3wvUrA,Very reasonable rate compared to the forex market. Best customer service. Very genuine. Condition of the Dollar Bills were excellent. Free Home Delivery Provide to Senior Citizen. Akshay Patel Underst,cryptocurrency exchange Ahmedabad,YES
Siroi Forex,098599 35550,http://www.siroiforex.com/,4.9,192,"VIP Rd, Six Mile, Guwahati, Assam 781022, India",https://maps.google.com/?cid=15175696566614487300,ChIJ4VXBf2tZWjcRBPErgJ_nmtI,Fast precise and very well behaved Manager. Will definitely use his services again.,cryptocurrency exchange Guwahati,YES
Faridabad Forex,098717 76666,,4.9,168,"SHOP NO S 25, 2ND FLOOR, ELDECO MALL, Sector 12, Faridabad, Haryana 121007, India",https://maps.google.com/?cid=5495552546862349026,ChIJf76QjNPdDDkR4jo5uOwfREw,Horrible experience no should visit totally time waste,cryptocurrency exchange Faridabad,YES
Boutique Forex Private Limited,090259 98989,,4.8,164,"Door no 923,924, 1st floor, Ganesh building, 1st floor, R-gold, Cross Cut Rd, Gandhipuram, Coimbatore, Tamil Nadu 641012, India",https://maps.google.com/?cid=2573926773620417041,ChIJNX7Lc_9YqDsRESKDa8NsuCM,"This place is highly professional , efficient and fast. They solve momey transfer in minutes. As foreigner , for  me in Coinbatore was realy hard to find someone professional and able to help me with ",cryptocurrency exchange Coimbatore,YES
𝗩𝗜𝗞𝗦𝗛𝗔𝗥𝗜 𝗙𝗢𝗥𝗘𝗫 𝗦𝗘𝗥𝗩𝗜𝗖𝗘𝗦 𝗣𝗩𝗧. 𝗟𝗧𝗗. - Currency Exchange in Bhopal | Money Exchange,088713 44518,http://www.vikshariforex.com/,4.9,149,"62, Peergate, Shop No - 2, 13, Neem Rd, above Bombay Mercantile Bank, Kali Basti, Peer Gate Area, Bhopal, Madhya Pradesh 462001, India",https://maps.google.com/?cid=2065708312761494334,ChIJ68tB_ItpfDkRPmu4D8Teqhw,"Very fast  service, very good behaviour. Excellent setup. All currency avilable at one stop. Must recommend all.those who plan to go out side the country.",cryptocurrency exchange Bhopal,YES
"Liberty Forex & Services, Western Union, Moneygram, Ria",079842 38355,,5,128,"GF 31, SHAKTI ARCADE, Science City Rd, Sola, Ahmedabad, Gujarat 380060, India",https://maps.google.com/?cid=4481030613990174706,ChIJsetW1wOdXjkR8u-IFprRLz4,"Liberty Forex in the Science City area provided an excellent currency exchange and money transfer experience. Funds were transferred quickly and safely to my son’s account. Charges were reasonable, an",cryptocurrency exchange Ahmedabad,YES
Zenith Forex Rajkot,,https://www.zenithforexonline.com/,5,124,"bldg office no 212a 2nd floor, Landmark Complex, near astron chowk, above icici bank, Astron Chowk, Sardarnagar, Rajkot, Gujarat 360001, India",https://maps.google.com/?cid=9047022918529984154,ChIJUVhX3v3LWTkRmibMRWl7jX0,"I recently convert 7lack INR to thai bath for our group tour.
Zenith staff was very co operative and very fastest service.
And trustable person

Specially thanks for hina ambavi
She was very supportiv",cryptocurrency exchange Rajkot,YES
TCI FOREX PVT LTD/Money Changer/Foreign Exchange Services/Money Transfer/ Abroad Fees transfer/outward remittances/,099366 55559,http://tciforex.com/,4.7,113,"City Center Mall, F121, The Mall Rd, Sadr Bazaar, Mirpur, Kanpur, Uttar Pradesh 208001, India",https://maps.google.com/?cid=10134848990654431599,ChIJO3NfvKZHnDkRbwEv1HU3pow,"Very prompt service n quick response.
Rates are also very competitive....no other Forex agent offered such a competitive quote .They provided quick door step service.
I am quite satisfied.",cryptocurrency exchange Kanpur,YES
GS Forex Services Pvt Ltd - Foreign Currency Exchange,096705 55577,http://www.gsforex.in/,4.7,107,"Shop # 16, New Janpath Complex, Ashok Marg, near Sriram Tower, Sadullah Nagar, Narahi Bazar, Narhi, Hazratganj, Lucknow, Uttar Pradesh 226001, India",https://maps.google.com/?cid=3351001365004971575,ChIJVRZSpAj9mzkRN274svwlgS4,Received a warm and seamless support from team at GS Forex Services. Special thanks to Raju Soni ji who has been super cooperative,buy bitcoin Lucknow,YES
RemitX - A division of Capital India Finance Ltd,079859 96902,http://www.remitx.com/,4.9,106,"Shop No. 22, Lower Ground Floor, Burlington Mall, Burlington Mall, Vidhan Sabha Marg, Lalbagh, Lucknow, Uttar Pradesh 226001, India",https://maps.google.com/?cid=4877536429270732393,ChIJn_M78BP9mzkRaY61RYp9sEM,"⭐⭐⭐⭐⭐
Excellent experience purchasing foreign currency from Capital India (RemitX).

I would like to give a special thanks to Rashid Ji, Franchisee Owner of Capital India, Burlington Arcade, Lucknow, ",buy bitcoin Lucknow,
Multimoney Forex Ltd. Ahmedabad,062923 16260,https://www.multimoney.co.in/currency-exchange-in-ahmedabad,5,102,"B/H Ganesh Plaza, Choice Restaurant Lane, FF4, Chimanlal Girdharlal Rd, Mithakhali, Navrangpura, Ahmedabad, Gujarat 380009, India",https://maps.google.com/?cid=1371859504500067343,ChIJqVXx53-FXjkRD0x4b_PSCRM,"Quick service
Genuine exchange rates
Trust worthy",cryptocurrency exchange Ahmedabad,YES
FLYERINN Forex Pvt Ltd,099102 28600,https://flyerinnforex.com/,5,101,"Office No B-32, Ocean Complex, P Block, P-6, Sector 18, Noida, Uttar Pradesh 201301, India",https://maps.google.com/?cid=2065748799203689271,ChIJPWXmBOvlDDkRN8O5i5YDqxw,Wonderful experience with FLYERINN Forex in Noida Sector 18. Their staff is very professional and polite. I got the best exchange rates for USD and Euro compared to other forex dealers nearby in Secto,cryptocurrency exchange Noida,YES
Money Man Forex,087909 02679,,4.9,97,"7-1/134/135 gnt circle, Nallagandla - Tellapur Rd, opp. tanishq, HUDA Layout, Serilingampalle (M), Nallagandla, Telangana 500019, India",https://maps.google.com/?cid=14412872085700107308,ChIJtQk3MfaTyzsRLFxMnczOBMg,Mr Rafi had very bad behaviour and he is not doing deals and business transparently. He wants to take cash but doing it without documents and official process and giving very poor rate almost 20-30% d,cryptocurrency exchange Hyderabad,YES
HS Forex Services,062061 75337,https://hsforex.site/,5,97,"Shop No LGF-11, Aarza Square, 2, 7th Ave, Greater Noida West, Gaur City 1, Sector 4, Greater Noida, Ghaziabad, Uttar Pradesh 201308, India",https://maps.google.com/?cid=5849484111867242722,ChIJA0Kw1oTvDDkR4mgjz86KLVE,"Excellent & prompt service. I have visited for exchange of VND. Within no time, they have exchange the required amount. Definately, I have to mentioned the name of Mr Hashan , he is excellent human be",crypto cash Noida,YES
Forex Room Private Limited (Money changer/Currency Exchange),088005 14545,,5,96,"GF, Sushant shopping arcade, E 134, Sushant Lok Phase I, Kanahi, Gurugram, Haryana 122009, India",https://maps.google.com/?cid=9828851429287284453,ChIJg4qOjIUZDTkR5U7CqEwYZ4g,Quick and hassle-free currency exchange with good rates. Staff is polite and professional. Highly recommended,cryptocurrency exchange Gurgaon,YES
A G Forex,073070 00800,,4.9,94,"Shop No. 2, Dhamotia Complex, Link Rd, Near Jasbir Oil Co, Near Samrala Chowk, Shivajinagar, Ludhiana, Punjab 141008, India",https://maps.google.com/?cid=799564484863444787,ChIJWz4Sv5-DGjkRM8dNp6mfGAs,"""Exceptional service! The staff at A.G Forex were incredibly knowledgeable and efficient. They made the process smooth and hassle-free. The rates were competitive, and the overall experience was outst",buy bitcoin Ludhiana,YES
ANY TIME FOREX(Money Changer Service),098183 42550,http://anytimeforex.co.in/,4.8,92,"Shop no. C-168, 1st floor, Arcadia, S City Rd, South City II, Sector 49, Gurugram, Haryana 122018, India",https://maps.google.com/?cid=6026382918448364350,ChIJqw0R9NojDTkRPruYzlUDolM,Got best rate and quick service. Home delivery is very fast and reliable.,cryptocurrency exchange Gurgaon,YES
Nirvana Forex-Money Exchange Services,099116 93253,http://nirvanaforex.in/,4.9,88,"1st floor, Nirvana Courtyard, A-115, Nirvana Country, Sector 50, Gurugram, Haryana 122018, India",https://maps.google.com/?cid=6151170224067724699,ChIJC5jhEiAjDTkRm0WEfrpYXVU,Great experience. Delivered forex within an hour at my doorstep at a good rate. Would recommend for forex services.,cryptocurrency exchange Gurgaon,YES
PRIYANSHI FOREX PVT. LTD.,099995 58477,,4.4,88,"CLOSE TO FITGEE, GROUND FLOOR, PLOT NO 127, Sector 44, Gurugram, Haryana 122003, India",https://maps.google.com/?cid=9883272533702757623,ChIJ_xAsiicZDTkR90y6bQFwKIk,"Best exchange rate in gurgaon n.c.r
Multiple Brillent experience with mr.vipin
Best team
Very supportive and helpful staff
Mr.vipin is very jolly in nature and friendly.
Highly recommended.
Home deliv",cryptocurrency exchange Gurgaon,YES
Navneet Forex Private Limited,074090 99919,,4.9,85,"Fatehabad Rd, Bansal Nagar, Tajganj, Agra, Uttar Pradesh 282001, India",https://maps.google.com/?cid=514408061671329928,ChIJl1m77fRsdDkRiFCEGWiLIwc,Excellent service with genuine rates...Excellent support by mr Vivek  overall good experience,cryptocurrency exchange Agra,YES
Aabhushan Forex & Jewels Private Limited,097730 64838,https://aabhushanforex.dhanda.app/,5,84,"F-24, Eternity Mall, Teen Hath Naka, Lal Bahadur Shastri Marg, Kashish Park, Thane West, Thane, Maharashtra 400604, India",https://maps.google.com/?cid=2135994716269705219,ChIJw4gv5iS55zsRA_hdoeCTpB0,Aabhushan Forex is the best one stop place for currency exchange which will give you the best competitive forex rate. Punit and Nikhil both are very polite and helpful person. Must recommended!,buy bitcoin Thane,YES
M S Forex (p) ltd,098971 09527,,4.6,81,"Fatehabad Rd, opp. kailash cinema, Bansal Nagar, Tajganj, Agra, Uttar Pradesh 282001, India",https://maps.google.com/?cid=3428304780547611905,ChIJF53qSiNxdDkRAV1QsgjJky8,"I had a great experience with MS Forex Agra. They provide excellent exchange rates right at your doorstep, which is super convenient. The staff is very polite, professional, and helpful, making the wh",buy bitcoin Agra,YES
Om Forex Money Exchange Service,085950 00710,https://omforexmoneyexchangeservice.co.in/,5,80,"UGF-172, Vyapar Kendra Rd, Block C, Sushant Lok Phase I, Market, Gurugram, Haryana 122009, India",https://maps.google.com/?cid=9306134706814080312,ChIJDbj5UtcZDTkROFWWtzUIJoE,Good and excellent service in Gurgaon areas and best rate here,cryptocurrency exchange Gurgaon,YES
Xotik Travel and Forex Pvt Ltd,,http://www.xotik.in/,4.9,80,"No.13 1st Floor, Diwan Bahadur Rd, opp. to Savitha Hall, R.S. Puram, Coimbatore, Tamil Nadu 641002, India",https://maps.google.com/?cid=8389515251082192975,ChIJQdMDA3ZZqDsRT-h52quLbXQ,Super. Excellent. Nice approach and received good informations. Thanks 👍🙏,cryptocurrency exchange Coimbatore,YES
Multimoney Forex Ltd. Guwahati,062923 16284,https://www.multimoney.co.in/currency-exchange-in-guwahati,4.9,78,"Holding No 2, 1st Floor, GNB Rd, Guwahati Club, Guwahati, Assam 781003, India",https://maps.google.com/?cid=16660308136467385004,ChIJ2e0r7a1ZWjcRrEqw4vpNNec,"I wanted to change Euros to Indian rupees. I asked around at several Indian banks in Guwahati (Axis, HDFC, SBI) who don't seem to exchange foreign currency. They adviced me to go here. From my experie",cryptocurrency exchange Guwahati,YES
Crossworld Forex Pvt Ltd,093727 97367,http://crossworldforex.com/,4.7,74,"Ram Smruti Building, Ground floor, 4, Ram Maruti Rd, Naupada, Thane West, Thane, Maharashtra 400602, India",https://maps.google.com/?cid=17232020311201482864,ChIJ-XQwW1-55zsRcAh7gyxvJO8,I have been using their services. They are very polite and always give a decent rate and prompt response. I will definitely recommend them to friends. A special mention of Deepak who has been my main ,buy bitcoin Thane,YES
Trust Forex- Money Exchange & International Money Transfer,089294 84896,https://trustforex.info/,4.7,72,"UGF 58, Vyapar Kendra Market, Sushant Lok Phase I, Gurugram, Haryana 122009, India",https://maps.google.com/?cid=15997905794454705986,ChIJ86V9KjUZDTkRQteiPI_6A94,Our travel was very urgent and unplanned. It was quite difficult for me to arrange euro. One of my friend recommended them . Their customer dealing rates services is just amazing. I really like the wa,cryptocurrency exchange Gurgaon,YES
Buyex Forex Fintech,096331 16644,https://www.buyexforex.com/,5,63,"First Floor, Integrated Startup Complex, Kerala Technology Innovation Park, Kinfra Hi-Tech Park Main Rd, HMT Colony, North Kalamassery, Kalamassery, Kochi, Kerala 683503, India",https://maps.google.com/?cid=11299666628644581279,ChIJr-IGlLsNCDsRny-yOO560Jw,"I took a Travel Card from them. Frankly, I found them to be the best service provider in terms of both exchange rate and customer support
Now that I have arrived in Georgia, I truly understand and app",cryptocurrency exchange Kochi,YES
Ashirvad Enterprise | Western Union | Travel | Moneygram,076000 02264,https://sites.google.com/view/ashirvadenterprise,4.9,62,"FF-222, Grand Monark, 100 Feet Rd, Satellite, Vejalpur, Ahmedabad, Gujarat 380015, India",https://maps.google.com/?cid=11015661009381407498,ChIJJYNFSaybXjkRCrtMFlN935g,Superb services..! We co-operative and freindly people to work with!,cryptocurrency exchange Ahmedabad,
Keyansh Forex,,https://www.instagram.com/keyanshforex?igsh=MXNnNzdranFpNDRzNA==,5,62,"Gill Rd, adjacent Street Number 2, Near Gill Chowk, Dasmesh Nagar, New Kartar Nagar, Ludhiana, Punjab 141003, India",https://maps.google.com/?cid=17727534650671729596,ChIJJ0tDFgyDGjkRvIu3HNfaBPY,Good service and very co-operating,buy bitcoin Ludhiana,YES
TCI FOREX PVT LTD/ Money Changer/Foreign Exchange Services/Money Transfer/Abroad Fees Transfer/Outwards remittances,099366 55559,http://www.tciforex.com/,4.8,61,"203, UTTAM PALACE, 3, Sapru Marg, Prem Nagar, Hazratganj, Lucknow, Uttar Pradesh 226001, India",https://maps.google.com/?cid=5327105045847622645,ChIJ8bvsO1n9mzkR9UPwotCt7Uk,"I had a great experience with TCI Exchange Forex Pvt. Ltd. They offered me the best INR to USD conversion rate compared to other exchange providers. The service was quick, smooth, and hassle-free. Hig",cryptocurrency exchange Lucknow,YES
Western Union _ Ahmedabad,098259 76263,https://poloforex.com/western-union/,4.5,59,"UL-4, Sun Plaza Complex, Swastik Cross Road, Commerce College Rd, above Sheth Optical, Swastik Society, Navrangpura, Ahmedabad, Gujarat 380009, India",https://maps.google.com/?cid=3344909483623296834,ChIJDwb5FU6FXjkRQq8zCXSBay4,Very good service and very well guided.,buy bitcoin Ahmedabad,
KRISHNA MONEY EXCHANGE PVT LTD,098957 08858,http://krishnamoneyexchange.website3.me/,4.9,59,"61/245, B2, ZEIA ARCADE, Church Landing Rd, Pallimukku, Kochi, Kerala 682016, India",https://maps.google.com/?cid=10752826875148098403,ChIJc7n2XmFzCDsRY9t5cBK3OZU,"Excellent service at very competitive rates.
Returning satisfied customer.",cryptocurrency exchange Kochi,YES
Rudra forex ! Money exchange Services,076699 33006,https://rudraforex.in.net/,4.6,56,"UGF-179-80, Vayapar Kendra Market, Block C, Sushant Lok Phase-1, Sector 43 Very, IGI Airport, near New Delhi, Block C, Sushant Lok Phase I, Sector 43, Gurugram, Haryana 122009, India",https://maps.google.com/?cid=6856190886213475006,ChIJyaWUCq8ZDTkRvloGDUkVJl8,"The real rubbish service. They ve been responsible, that later they completely spoiled. The guy hired some small boys, who can’t even speak any language, and they completely don’t understanding which ",cryptocurrency exchange Delhi,YES
RemitX - A division of Capital India Finance Ltd,099828 33339,http://www.remitx.com/,4.9,53,"GROUND FLOOR, TIRTHRAJ APARTMENT, Jacob Rd, Madrampur, Civil Lines, Jaipur, Rajasthan 302006, India",https://maps.google.com/?cid=214785155587786995,ChIJ7cCS1c61bTkR80jWBfYR-wI,"These guys only care if you pay them extra otherwise there is no customer service for normal customers, because of their agents mess up they have screwed our visa appointment.
The guy was busy pitchin",cryptocurrency exchange Jaipur,
Zenith Forex,084482 89666,https://www.zenithforexonline.com/,4.6,53,"Arihant Plaza Shop No, 103A, Plot No. B, 15, Saheed Nagar, Bhubaneswar, Odisha 751007, India",https://maps.google.com/?cid=4966067597059113455,ChIJJcCBp9cJGToR70FJDSsE60Q,"I had a great experience with Zenith Forex. The service was quick, transparent and very customer-friendly. A special thanks to Sidheswar Patra, who was extremely helpful throughout the process. He exp",cryptocurrency exchange Bhubaneswar,YES
Honest Deal Forex Limited Lucknow,,http://honestdealforex.com/,4.7,51,"Tej Kumar Plaza, G-52A, Sushanpura, Hazratganj, Lucknow, Uttar Pradesh 226001, India",https://maps.google.com/?cid=5376822317588059335,ChIJrU9TY9b9mzkRx5Q6BGlPnko,"When I'm about to travel abroad and facing problem regarding currency exchange because of large market, I didn't get any good rates. Thanks to HDFL I got the best rates so far without any hidden charg",buy bitcoin Lucknow,YES
Pramukh Money Exchange,099988 16804,,4.9,51,"16, Pramukha Stationary, Vama Square, Near, Ayurvedic 3 Rasta, Panigate, Kidwai Nagar, Yakutpura, Vadodara, Gujarat 390019, India",https://maps.google.com/?cid=6480072047474414171,ChIJo3oxAYfFXzkRW5KmvDHX7Vk,"Excellent service, honesty and exceptional trust. He is very transparent.",bitcoin seller Vadodara,YES
Signature Forex,,,4.8,50,"236, 1st Floor, Center Arcade Market, DLF Phase-2, OOP, Sahara Mall, Jharsa, Sector 39, Gurugram, Haryana 122001, India",https://maps.google.com/?cid=4200677089869384709,ChIJj8IDKRsYDTkRBUzJnY7NSzo,Super smooth currency exchange process! Signature Forex gave me the best rate in the market and the staff was very polite and professional.,cryptocurrency exchange Gurgaon,YES
City Forex-Currency Exchange Services-Money Changer Services,095825 15050,http://cityforex.in/,4.5,47,"Flat No. 1501, AL Tower, Sector 84, Gurugram, Haryana 122012, India",https://maps.google.com/?cid=15342982455654746445,ChIJ2yAircg9DTkRTQlauEA57dQ,Excellent service at best rate very satisfied,cryptocurrency exchange Gurgaon,YES
INSTAREM INDIA PRIVATE LIMITED,0124 418 4850,https://www.instarem.co.in/,4.7,47,"Ground Floor, Sushant shopping arcade, G-126, Sushant Lok Phase I, Kanahi, Gurugram, Haryana 122009, India",https://maps.google.com/?cid=10867401693654729184,ChIJjWbkO1IZDTkR4MHELUPE0JY,"The rates are higher than other forex exchanges. New customers are fooled thoroughly. Yes, some old customers are definitely happy. There are four employees, all of whom gossip about each other behind",cryptocurrency exchange Gurgaon,
Honest Deal Forex Limited Kanpur,075719 07713,http://honestdealforex.com/,4.7,46,"24/56, Chest Clinic Building, 2nd Floor, Birhana road, Patkapur, Kanpur, Uttar Pradesh 208001, India",https://maps.google.com/?cid=5672417320721982662,ChIJq6q-lFZHnDkRxiRo2395uE4,"Great, Very smooth process for currency purchase and encashment. I have used their services multiple times, and they’ve always delivered a great experience. Their service is excellent for anyone trave",cryptocurrency exchange Kanpur,YES
Yash Forex Private Limited,087553 30360,,4.3,44,"Shop No.3, Fatehabad Rd, Apsara Market,Opposite Hotel Howard Plaza, 15th Battallion PAC Quaters, Tajganj, Agra, Uttar Pradesh 282001, India",https://maps.google.com/?cid=1656767558211540576,ChIJV-V_bjtxdDkRYBaX9lAF_hY,"I had an excellent experience with Yash Forex Pvt Ltd. They offered very competitive exchange rates and all major foreign currencies were readily available. The staff was polite, professional, and com",cryptocurrency exchange Agra,YES
D.K FOREX PVT. LTD.,098243 97320,,4.5,44,"104 ,1st Floor, Mani Complex, Dr Yagnik Rd, opposite Hotel Imperial Palace, Jagnath Plot, Rajkot, Gujarat 360001, India",https://maps.google.com/?cid=8716631702534378838,ChIJST3JIBnKWTkRVlV4y1my93g,"I enjoyed there service very easy and reliable
The costumer service is top notch so fast and can eases your stress . I love there service i been using them for  2years now for receiving my money",cryptocurrency exchange Rajkot,YES
SAHARA FOREX PRIVATE LIMITED,098419 44370,,4.7,43,"No:472, Anna Salai, opp. Y.M.C.A College, CIT Nagar East, Nandanam, Chennai, Tamil Nadu 600035, India",https://maps.google.com/?cid=17335938036102795959,ChIJAQAA0KhnUjoRtxIXSsuflfA,Vallarasu gave us great timely service. He came and delivered forex at our doorstep before the committed time.,cryptocurrency exchange Chennai,YES
Currency exchange,070424 29784,,4.6,42,"Basement B-52, Ghazi travel and services, Ocean Complex, P Block, Pocket A, Sector 18, Noida, Uttar Pradesh 201301, India",https://maps.google.com/?cid=15221268760726668692,ChIJv8DZHJ7lDDkRlAXdyUrPPNM,Good service,cryptocurrency exchange Noida,YES
DS Money Exchange Services. Lucknow,088085 99943,,4.9,42,"Shop no 16, Ankit market, Jehta Mall Rd, near union bank of india, Lucknow, Jehta, Uttar Pradesh 226101, India",https://maps.google.com/?cid=4752702589433704255,ChIJ93fs9gtVmTkRP29G_tL99EE,Best service,buy bitcoin Lucknow,YES
Zenith Forex,099252 31410,https://www.zenithforexonline.com/,4.9,42,"Shop No 26, Trivia Mall, Race Course Rd, beside Pizza Hut, opp. Natubhai Circle, Race Course, Vadiwadi, Vadodara, Gujarat 390007, India",https://maps.google.com/?cid=17178699569894366019,ChIJZdN1t5fJXzkRQ5u1_j0AZ-4,"Excellent Forex Service!
Quick, reliable, and with the best rates I’ve found. The staff was professional and helpful—made the whole process smooth and stress-free. Highly recommended!",cryptocurrency exchange Vadodara,YES
Unimoni Financial Services Ltd,099460 86666,https://www.unimoni.in/branch-locator/,3.9,40,"1st, Airlines Building, Mahatma Gandhi Rd, Shenoys, Ernakulam, Kochi, Kerala 682011, India",https://maps.google.com/?cid=8766730744764865491,ChIJqfN2-QgNCDsR05s0CyqvqXk,"I had a great experience with UNIMONI.
Super happy with Unimoni! They helped me get my Wizz Voyager card and the currency exchange was done so fast. Also the staffs are very friendly. Really good serv",cryptocurrency exchange Kochi,
Regius Forex Private Limited,099542 68020,http://www.regiusforex.com/,4.7,37,"G-9, Garima Millennium, GNB Rd, near Hotel President, Pan Bazaar, Guwahati, Assam 781001, India",https://maps.google.com/?cid=1486114465260104920,ChIJr-a9F9hbWjcR2OxlfTu9nxQ,Great service very quick work.,cryptocurrency exchange Guwahati,YES
Radiant Forex & Tourism Pvt. Ltd.,095322 27640,https://radiantforex.com/,4.8,35,"D 48/141, Luxa Rd, beside PDR MALL, Misir Pokhra, Ramapura Luxa, Varanasi, Uttar Pradesh 221010, India",https://maps.google.com/?cid=11433504310120319238,ChIJJd8GxwIujjkRBomevpf3q54,Best service i got the best rate here in the whole market for usd i want to exchange dollars but everywhere they are charging too much but radiant had no charged me extra so they have best service,buy bitcoin Varanasi,YES
RITI FOREX PRIVATE LIMITED,087400 00004,,5,34,"Building No. 08, Katewa Bhawan, Mirza Ismail Rd, opposite GANPATI PLAZA, Sindhi Camp, Jaipur, Rajasthan 302001, India",https://maps.google.com/?cid=934662629143513199,ChIJi6FDqbWzbTkRb4juirWW-Aw,"Choosing RITI FOREX PRIVATE LIMITED was a great decision. Not only did they offer the best rates, but their customer service was top-notch. I appreciated the time they took for the Foreign Exchange Co",cryptocurrency exchange Jaipur,YES
JR Forex Solutions Pvt Ltd,097200 07602,,5,33,"near Hotel Radisson, Taj Nagari Phase 1, R.K. Puram Phase-2, Agra, Dhandhupura, Uttar Pradesh 282006, India",https://maps.google.com/?cid=5826820877253246444,ChIJe6ovf6pxdDkR7H2CTrcG3VA,Good service,cryptocurrency exchange Agra,YES
Xotik Travel and Forex Pvt. Ltd.,,http://www.xotik.in/,3.9,30,"Unit 3, Jaipur Tower, Mirza Ismail Rd, opposite All India Radio, Sindhi Camp, Jaipur, Rajasthan 302001, India",https://maps.google.com/?cid=2694732413619426093,ChIJVbLZdKq2bTkRLVOEVtqcZSU,"Located on main m I road in jaipur tower next to the titan store.
Most authentic place for getting Forex at most Competitive rates than the market
Mr Arvind Malhotra the owner is a very nice courteous",cryptocurrency exchange Jaipur,YES
TRANS GLOBAL FX. CURRENCY EXCHANGE SERVICES,099000 65539,http://www.transglobalfx.com/,4.9,27,"Nimishamba Layout, 23/2, Kodipalya Rd, Kengeri, Bengaluru, Karnataka 560060, India",https://maps.google.com/?cid=10296923323418030896,ChIJmcctn3g_rjsRMDPECzUF5o4,So Happy best price for forien exchange thank you Ravi sir.... 💐💐💐😍,bitcoin seller Bangalore,YES
Solidus Forex Limited,,,3.8,27,"House Number 82, RG Baruah Rd, opposite Hotel Landmark, Opp. Landmark Hotel, Gandhi Basti, Ulubari, Bhubaneswar, Guwahati, Assam 781007, India",https://maps.google.com/?cid=2554081904606821913,ChIJe_gdHYdZWjcRGb5Xy_XrcSM,"Fraud people I exchange Inr to Vietnamese dong, Exchange rate was . 0046 but market rate was 0.0033 , thereby I lost 42k inr by exchanging 160 k  inr and when I sold my Vietnamese dong they gave me a ",cryptocurrency exchange Guwahati,YES
MoneyGram - Ria,098259 76263,https://poloforex.com/moneygram-ahmedabad/,5,26,"Upper Floor, Sun Plaza Complex, Swastik Cross Road, Commerce College Rd, near Jain Dairy, Swastik Society, Navrangpura, Ahmedabad, Gujarat 380009, India",https://maps.google.com/?cid=11445593259558223221,ChIJy7tCq_aFXjkRdb2Sn23q1p4,Good service & supportive staff,bitcoin seller Ahmedabad,
GEO FOREX Pvt Ltd,098491 49906,,5,26,"47, 9-36-3, Diamond Park Rd, Dondaparthy, Dwaraka Nagar, Visakhapatnam, Andhra Pradesh 530016, India",https://maps.google.com/?cid=6083048338866049859,ChIJEeXAewFDOToRQxOkHTxUa1Q,Very polite and wonderful experience. Instantly answered all my queries and got the required currency at a good price.,cryptocurrency exchange Visakhapatnam,YES
PipsForex Limited,063560 99525,http://pipsforex.in/,4.5,25,"G-19, Central Plaza, New City Light Rd, New City Light, Althan, Surat, Gujarat 395007, India",https://maps.google.com/?cid=6044265512846434129,ChIJq6r-TvlN4DsRUR9bxXWL4VM,"*PipForex – Fraudulent and Untrustworthy*

My experience with *PipForex* was disastrous. They promised easy profits, but instead, they manipulated me into depositing more money and then blocked all at",crypto trader Surat,
CorporateForex,098994 79546,,4.8,25,"s-25,2nd floor, eldeco mall, Sector 12, Faridabad, Haryana 121007, India",https://maps.google.com/?cid=15292891051278008275,ChIJJ72jFCzdDDkR0_8szGJDO9Q,Patheic experience dont know how to talk with their customer asking for 30-40 paisa extra then current rate,buy bitcoin Faridabad,
BFC Forex,063709 52191,https://www.bfcforex.com/,4.8,25,"Unit No 204, 2nd Floor, 45/46, Janpath Rd, Ashok Nagar, Bhubaneswar, Odisha 751009, India",https://maps.google.com/?cid=15585411064480401459,ChIJZRIwSKmnGToRMwjMwMmAStg,Excellent service with best currency rate in market,cryptocurrency exchange Bhubaneswar,YES
BFC Forex,0361 246 4145,https://www.bfcforex.com/,3.8,24,"Ground Floor, F Fort, South Sarania, Ulubari, Guwahati, Assam 781007, India",https://maps.google.com/?cid=10975460685785170132,ChIJrcq8p3hZWjcR1IB93lerUJg,"This organisation should not be trusted, as they lack credibility. I have personally experianced their misleading practices.They do not adhere to the prevailing exchange rates when converting the left",cryptocurrency exchange Guwahati,YES
ALMIGHTY ENTERPRISES & FOREX PVT LTD,0281 246 7676,,4.9,20,"107, Dr Yagnik Rd, opp. Ramkrishna Ashram, opposite Blackberrys, Jagnath Plot, Rajkot, Gujarat 360001, India",https://maps.google.com/?cid=1954813792447964267,ChIJFaxCuRnKWTkRayTlhMnkIBs,"I'm from London UK, and the Google reviews are 100% accurate, very safe and friendly, money checked and double-checked.

This place is on the first floor of the complex at the back, so not easy to spo",cryptocurrency exchange Rajkot,YES
K.R. Vora Services Private Limited (VORA FOREX),0712 252 6403,,4.6,19,"1ST FLOOR, Vora Complex, 327, Kamptee Rd, Near Ganga Builder, Mohan Nagar, Nagpur, Maharashtra 440001, India",https://maps.google.com/?cid=8174865617273967073,ChIJb5agaebA1DsR4VErdPf0cnE,"Fantastic services!
I am a regular traveller and am very happy with the services of ""VORA FOREX"" The staff here are very very polite and professional.I was a bit apprehensive upon reading a few review",bitcoin seller Nagpur,YES
Xotik Travel and Forex Pvt Ltd,098863 29273,http://www.xotik.in/,4.9,18,"Shop No.15, Ground Floor, No.92/16, Infantry Rd, Tasker Town, Shivaji Nagar, Bengaluru, Karnataka 560001, India",https://maps.google.com/?cid=2868630259659929051,ChIJpeq7uHAXrjsR23X3wgVszyc,Best price and place for your currency. They immediately exchanged the currency. If amount is more than 50k we can share bank details before visiting there. They will activate our account to transfer ,cryptocurrency exchange Bangalore,YES
Muthoot Forex Limited,091883 00600,https://www.muthootforex.com/,4.9,18,"Ground Floor, Lake City Mall, GA 2 & GA 3, Samata Nagar, Kapurbawdi, Majiwada, Thane, Maharashtra 400601, India",https://maps.google.com/?cid=11237850778698201321,ChIJlUQFQLy55zsR6TgnF77d9Js,"Good service and support staff easy and quick gold loan , if you want gold loan please visit Diva branch.",buy bitcoin Thane,YES
ARB International Forex Money Exchange Currency Exchange gurugram,095200 58664,,4.7,16,"UGF-179, Vyapar Kendra Rd, Block C, Sushant Lok Phase I, Sector 43, Gurugram, Haryana 122009, India",https://maps.google.com/?cid=3283594161244911475,ChIJo3aBWB4ZDTkRc7eMD36rkS0,Excellent professional service for money exchange in Gurgaon. proactive in providing customer with satisfactory services all the time.thanks for best rates,cryptocurrency exchange Gurgaon,YES
Mithuns Money Market - Best Forex trading Signals,090370 34567,http://mithunsmoneymarket.com/,3.8,16,"St Benedict 2nd Cross Rd, Kacheripady, Kochi, Kerala 682018, India",https://maps.google.com/?cid=9452136383697453301,ChIJmZr2EEMNCDsR9QDVHva7LIM,"After completing Mithun's Technical Analysis course, i can say with confidence, its a new world of wisdom about the market he is giving you in a very simple and understandable way.( Even if you are a ",buy bitcoin Kochi,YES
Coinex Forex services pvt ltd,098409 40082,,4.4,15,"AA1, V.S.D. Plaza, 2nd Avenue,, Near Rountana (penquin xerox building basement), Lapis lagoon, AA Block, Shanthi Colony, Anna Nagar, Chennai, Tamil Nadu 600040, India",https://maps.google.com/?cid=13647882793153646553,ChIJvRPP8iZkUjoR2c8WPhcFZ70,Worst experience @ this Forex. No professional approach. I called their office directly and asked about buying few USD for one of my employee flying to client place and also check for taking any docum,cryptocurrency exchange Chennai,YES
Nexttrend.india,090990 40097,https://www.nexttrendindia.com/,4.9,15,"MORDERN SHOPY, G-10, Rander Rd, opp. VIJAY DERY, Shree Rang Society, Mahavinagar Society, Palanpur Patia, Surat, Gujarat 395005, India",https://maps.google.com/?cid=3388435008251505349,ChIJS1DTum9N4DsRxSpU868jBi8,"After attending demo classes at 3–4 different academies, I chose this trading academy, and I’m very happy with my decision. I joined to properly understand trading in the Indian stock market and Forex",crypto trader Surat,
A.F Money Exchanges Private Limited,093362 68460,http://afmoneyexchange.com/,4.2,13,"Somdutt Plaza The Mall Shop No. LG 11, Civil Lines, Kanpur, Uttar Pradesh 208001, India",https://maps.google.com/?cid=16389414388402429797,ChIJ____v6g4nDkRZR9nKY3lcuM,Thanks A. F Money Exchange. Best service and best rate I got from them. Good luck,cryptocurrency exchange Kanpur,YES
K. L Forex Pvt. Ltd. - Money Exchange in Ludhiana| Best Forex Services in Ludhiana,098155 10000,,4.7,13,"Adjoining Confectionary Store, Near, Chowk, Domoria Bridge Rd, opposite Goll Market, Ram Nagar, Civil Lines, Ludhiana, Punjab 141001, India",https://maps.google.com/?cid=9735459400418444120,ChIJ6RQWlwiDGjkRWMMtd75MG4c,Great service and clear communication. Highly recommended,buy bitcoin Ludhiana,YES
Alpha Forex,0161 505 2301,https://www.alphaforex.in/,3.5,12,"Shop No. 19, Nehru Sidhant Kender, Feroz Gandhi Market, Jila Kacheri Area, Model Gram, Ludhiana, Punjab 141001, India",https://maps.google.com/?cid=5730627575619693529,ChIJTzMx8C219xQR2ave-GpHh08,"""I want to tell people who go to this place that they don't have the intelligence (or decency) to speak, so don't go there.""",buy bitcoin Ludhiana,YES
Amit Forex - Best Money Exchange & Money Changer in Ludhiana,0161 502 5514,,4.6,11,"C- 22 Opposite Gyan Vaisho Dhaba, Gill Chowk, Street Number 12, Near Gill Chowk, Dasmesh Nagar, New Kartar Nagar, Ludhiana, Punjab 141003, India",https://maps.google.com/?cid=3088288514183099347,ChIJz_D5Y_6CGjkR03PNiwrO2yo,Good work and nice behaviour,buy bitcoin Ludhiana,YES
NCR Forex pvt ltd,099990 42275,,4.7,11,"1H, 24/A, Block G, New Industrial Twp 1, New Industrial Township, Faridabad, Haryana 121001, India",https://maps.google.com/?cid=7781113447975404740,ChIJMbfKGKzdDDkRxMSWb3QR_Gs,Not one of the best...it is the best place for your foreign exchange work. I have met the best forex people here. They understand your requirement and fulfil it without any hassle. The whole process w,buy bitcoin Faridabad,YES
Bhayva Forex Dealers (P) Ltd,0129 400 9791,,2.9,11,"Sector 12, Faridabad, Haryana 121007, India",https://maps.google.com/?cid=7383629805642162486,ChIJq6qq-jncDDkRNqFJJjDsd2Y,The staff Behaved well and informative,buy bitcoin Faridabad,YES
P.A.S Forex,098453 94977,,4.9,11,"#1264/1, D-83, 1, Vinoba Rd, Devaraja Mohalla, Shivarampet, Mysuru, Karnataka 570001, India",https://maps.google.com/?cid=15800090078809927230,ChIJDZ1KYQxwrzsRPq6j1jYyRds,"Good service and exchange rates, used their service several times",cryptocurrency exchange Mysore,YES
Kapnox Forex Private Limited. Currency Exchange,099499 66088,http://kapnoxforex.com/,4.3,10,"2nd Floor, Kurve Elite, Plot no 58, Srinagar Colony Main Rd, Phase 1, Kamalapuri Colony, Banjara Hills, Hyderabad, Telangana 500073, India",https://maps.google.com/?cid=3155422782402235444,ChIJEXuyQyiRyzsRNIxCbU1Qyis,"Excellent service
Believe me or not
You'll get good rate",cryptocurrency exchange Hyderabad,YES
Bharti Money Changers,099143 04626,,2,10,"WR3J+F3F, Bhim Sen Bassi Marg, Opposite Sabzi Market, Ghumar Mandi, Ludhiana, Punjab 141001, India",https://maps.google.com/?cid=4389014663407453635,ChIJM5i5EKSDGjkRw8VhFpXp6Dw,(Mahabekar) they donot know how to speak and all the forex prices to high rather than market,buy bitcoin Ludhiana,
Shrusti Forextree Pvt. Ltd.,098806 45492,,5,10,"Shop #1, New L-350, Silver Tower, Opp Big Clock Tower, Ashoka Rd, Lashkar Mohalla, Mandi Mohalla, Mysuru, Karnataka 570001, India",https://maps.google.com/?cid=14206014424433327555,ChIJK8wRZZZ7rzsRw31sMtrmJcU,The best center for foreign exchange in Mysore.  Thanks to Mr. Pramod Chakravarthy & his colleague in the Shrusti Forextree Exchange Centre for wonderful service. I got the best exchange rate and also,cryptocurrency exchange Mysore,
Multi Currency Exchange Pvt Ltd.,094353 02895,,4.4,10,"Bijita Complex, Ground Floor, manipuri Basti Paltan Bazar M 09435302895, Manipuri Rajbari, Ulubari, Guwahati, Assam 781008, India",https://maps.google.com/?cid=11904266520472920787,ChIJfaRBp4BZWjcR0yJdMFRzNKU,A very fast service. Unlike bank where we have to do lots of formulaty - in this place everything is pretty easy and quick.Also the staffs are helpful and cool operative!If you go to bank then if we h,cryptocurrency exchange Guwahati,YES
Zeeshan Forex Private Limited,098893 73072,,4.6,9,"97/136 B, near Rehmani Market, Talaq Mahal, Rd, Kanpur, Uttar Pradesh 208001, India",https://maps.google.com/?cid=9978928122825474938,ChIJAZJaVZ44nDkRegMr0EFGfIo,"Fast and Convenient service.
Genuine rate
Hassle free transaction.",cryptocurrency exchange Kanpur,YES
EBIXCASH World Money Limited,044 4211 8043,http://www.buyforex.com/,2,8,"A, Tidel Park, 1st Floor, North Block, 4, Canal Bank Rd, Tharamani, Chennai, Tamil Nadu 600113, India",https://maps.google.com/?cid=1869314966627405797,ChIJf7-FCr5nUjoR5c8l3w4k8Rk,"Absolutely frustrated. If we use their service to transfer cash to our kids studying abroad, please plan 1 MONTH in advance else the kids won't receive money on the required date. We need to follow up",cryptocurrency exchange Chennai,
Global Forex(Foreign currency exchange) International money transfer.,096674 60610,,5,8,"Shop No. 5, B/18, Block B, New Industrial Twp 5, New Industrial Township, Faridabad, Haryana 121001, India",https://maps.google.com/?cid=3211521318197384175,ChIJ5VeRDujdDDkR79O_n5-dkSw,"Best forex rates at global forex also provide doorstep delivery. Recommended
to others.",buy bitcoin Faridabad,YES
EbixCash World Money Limited | Varanasi,098181 89296,https://www.buyforex.com/,5,8,"Shop no 34, Ground Floor, Mint House, S 18/38-A-A 34, Colony Secrole Ward, in front of The Taj Ganges Hotel, Patel Nagar, Nadesar, Chaukaghat, Varanasi, Uttar Pradesh 221002, India",https://maps.google.com/?cid=11440696251433121898,ChIJNzmwQXEtjjkRanjQEaCExZ4,"One of the best Companies in Varanasi for Remittance, Forex card and Foreign exchange",buy bitcoin Varanasi,
RemitX - A division of Capital India Finance Ltd,092083 89789,http://www.remitx.com/,5,7,"52, Ground Floor, Patel Nagar, Nadesar, Chaukaghat, Varanasi, Uttar Pradesh 221002, India",https://maps.google.com/?cid=5161112133808642084,ChIJb91h2DYtjjkRJFifFST0n0c,"Great experience with RemitX. They are very prompt in their services, support and reply.
They understand and even provide extended support to Medical professionals for logostic issues.",buy bitcoin Varanasi,
zenith Forex,084482 89666,https://www.zenithforexonline.com/,4.8,6,"Ground floor, KFC, Kachari Basti Rd, near ULUBARI, South Sarania, Ulubari, Guwahati, Assam 781007, India",https://maps.google.com/?cid=16247687777979588554,ChIJXQTiSNxZWjcRyt_tO_Nhe-E,Quick response and processing time. Very humble staffs,cryptocurrency exchange Guwahati,YES
Luthra Forex Private Limited,098159 00507,,5,5,"207 L, near PNB BANK, Pritm Nagar, Model Town, Ludhiana, Punjab 141002, India",https://maps.google.com/?cid=10035610127053834982,ChIJM4WbEySDGjkR5kpbVz2mRYs,Most Competitive Rates and best Exchange services in Ludhiana Highly Recommended,buy bitcoin Ludhiana,YES
MONO FOREX SWAP PVT LTD,098450 73013,,4.2,5,"1034, L 76, KR Hospital Rd, Lashkar Mohalla, Mandi Mohalla, Mysuru, Karnataka 570001, India",https://maps.google.com/?cid=7182103763544740058,ChIJixuCKEZxrzsR2pAUDlL1q2M,avoid this moneychangers wanted to exchange an old note from 100$ (1996) to 50rp for 1$ ..the official exchange rate is 82 x1$ new banknote.I understand that I can't have the same rate as the new bank,cryptocurrency exchange Mysore,YES
Muthoot Forex Limited,091883 00600,https://www.muthootforex.com/,4,4,"3rd Floor, Stock Exchange Building, SCO - 21, above IndusInd Bank, opp. Ludhiana, Feroz Gandhi Market, Jila Kacheri Area, Model Gram, Ludhiana, Punjab 141001, India",https://maps.google.com/?cid=6444107619521108077,ChIJPcJywP-DGjkRbZjx07wRblk,,buy bitcoin Ludhiana,YES
World Wide Forex (Foreign currency exchange),070424 92637,,5,4,"Shop No. 5, B/18, Block B, New Industrial Twp 5, New Industrial Township, Faridabad, Haryana 121001, India",https://maps.google.com/?cid=4843339917332719376,ChIJ2U7ylZ3dDDkRECcWY_7_NkM,Best Rate Provide In The Market..... And Doorstep Delivery 🚚,buy bitcoin Faridabad,YES
TGIF Education Private Limited,063898 90065,http://www.tradergentleman.com/,5,3,"H 810, Satyam Vihar, Avas Vikas 1, Kalyanpur, Kanpur, Uttar Pradesh 208017, India",https://maps.google.com/?cid=18065045198837768331,ChIJScV6TTY3nDkRi-AZSOXus_o,Best forex education centre in kanpur,buy bitcoin Kanpur,
Weizmann Forex Limited,0161 503 3320,http://www.weizmannforex.com/,4,3,"Shop No. 61 & 62, Bhim Sen Bassi Marg, Ghumar Mandi, Ludhiana, Punjab 141001, India",https://maps.google.com/?cid=14090213017548965025,ChIJpdnMZMeDGjkRoUSXGBZ-isM,given best of rates and good service each time,buy bitcoin Ludhiana,YES
RemitX - A division of Capital India Finance Limited,094929 87610,http://www.remitx.com/,5,2,"Shop No. 6, First Floor, Plot No.261, Navratna Jewel Square, Dwaraka Nagar, Visakhapatnam, Andhra Pradesh 530016, India",https://maps.google.com/?cid=3442426338879128713,ChIJoQdhlTxDOToRicRWNoT0xS8,,cryptocurrency exchange Visakhapatnam,
BFC Forex,0129 460 2991,https://bfcforex.com/,3,2,"1st Floor, Shop No. FF-01, Main Market, SCO-100, HUDA Staff Colony, Sector 16, Faridabad, Haryana 121002, India",https://maps.google.com/?cid=18258929528144004148,ChIJ_8ggfZrdDDkRNATqd6q_ZP0,Best rate provider,buy bitcoin Faridabad,YES
Archis Forex,094353 02895,,5,2,"Ground Floor, Bijita Complex, near HDFC Bank ATM, Manipuri Rajbari, Paltan Bazaar, Manipuribasti, Guwahati, Assam 781008, India",https://maps.google.com/?cid=6104336071305235859,ChIJd2FRDipaWjcRk43Aj1D1tlQ,V good service,cryptocurrency exchange Guwahati,YES
Dimika Forex Pvt. Ltd.,081411 88431,,5,2,"114, Cosmo Complex Mahilla Chowk, Kalavad Rd, Janta Society, Kishan Para, Rajkot, Gujarat 360001, India",https://maps.google.com/?cid=5449036822041422910,ChIJxbbehbHLWTkRPmzNkR7enks,Got best deal in pricing. The owner of the company coordinated well with me. Must Must recommended .,cryptocurrency exchange Rajkot,YES
UK Forex Traders,,https://www.delta.exchange/,5,1,"Kaddam, Masaipet, Telangana 504202, India",https://maps.google.com/?cid=104032337070082795,ChIJRVSQdg95zTsR60o3ANyYcQE,,buy bitcoin Hyderabad,YES
Weizmann Forex Limited,0512 392 3802,,5,1,"Shop No g-1 ground floor, City Center Mall, 63/2, The Mall Rd, Sadr Bazaar, Civil Lines, Kanpur, Uttar Pradesh 208001, India",https://maps.google.com/?cid=17993519061999543820,ChIJG2JHcFFHnDkRDOazzUDStfk,good rates,cryptocurrency exchange Kanpur,YES
RemitX - A division of Capital India Finance Ltd,095958 91289,http://www.remitx.com/,5,1,"SHOP NO. G-1, SUYOJIT CITY CENTRE, B WING, near SHATABDI HOSPITAL, Mumbai Naka, Renuka Nagar, Nashik, Maharashtra 422002, India",https://maps.google.com/?cid=18055668401778348873,ChIJmatIQH7r3TsRSVM-lr-ekvo,,sell bitcoin Nashik,
